{
    "BOGOTÁ": {
        "Soacha": {
            "latitud": 4.550189,
            "longitud": -74.240097
        },
        "Calle 13": {
            "latitud": 4.696266,
            "longitud": -74.172323
        },
        "Calle 80": {
            "latitud": 4.728845,
            "longitud": -74.126823
        },
        "Conejera": {
            "latitud": 4.799276,
            "longitud": -74.095854
        },
        "Autopista Norte": {
            "latitud": 4.82544,
            "longitud": -74.034252
        },
        "La Calera": {
            "latitud": 4.66367,
            "longitud": -74.010574
        },
        "Choachí": {
            "latitud": 4.565303,
            "longitud": -74.006034
        },
        "Usme": {
            "latitud": 4.457385,
            "longitud": -74.08376
        }
    },
    "CALI": {
        "Jamundí": {
            "latitud": 3.287841,
            "longitud": -76.524836
        },
        "Florida": {
            "latitud": 3.45045,
            "longitud": -76.475894
        },
        "Palmira": {
            "latitud": 3.49286,
            "longitud": -76.48321
        },
        "Yumbo": {
            "latitud": 3.492038,
            "longitud": -76.509448
        },
        "Dagua": {
            "latitud": 3.466292,
            "longitud": -76.589648
        }
    },
    "MEDELLÍN": {
        "Bello": {
            "Al Oriente": {
                "latitud": 6.323962,
                "longitud": -75.538105
            },
            "Al norte": {
                "latitud": 6.349099,
                "longitud": -75.517980
            },
            "Al Occidente": {
                "latitud": 6.355554,
                "longitud": -75.570388
            }
        },
        "Envigado": {
            "Al sur": {
                "latitud": 6.161504,
                "longitud": -75.603372
            }
        },
        "Itagüí": {
            "Al sur": {
                "latitud": 6.155174,
                "longitud": -75.625748
            }
        }
    }
}